﻿Designator,Footprint,Quantity,Value,LCSC Part #
J2,USB_C_Receptacle_GCT_USB4105-xx-A_16P_TopMnt_Horizontal,1,USB_C_Receptacle_USB2.0_14P,
MOLEX1,Molex_KK-254_AE-6410-03A_1x03_P2.54mm_Vertical,1,EC SENSOR,
"MOLEX2, MOLEX3, MOLEX4",Molex_KK-254_AE-6410-03A_1x03_P2.54mm_Vertical,3,M03PTH,
MOLEX5,Molex_KK-254_AE-6410-04A_1x04_P2.54mm_Vertical,1,M04PTH,
"R1_5.6K1, R2_5.6K1, R3_10K1, R4_10K1",0805,4,470R_0805_350mW,
"U1, U3",WSON-6-1EP_2x2mm_P0.65mm_EP1x1.6mm,2,TVS0500DRV,
U2,ESP32-S3-DevKitC,1,ESP32-S3-DevKitC,
